Date,VIX Open,VIX High,VIX Low,VIX Close
2015-01-05,19.190001,21.290001,19.190001,19.92
2015-01-06,20.33,22.9,19.52,21.120001
2015-01-07,20.15,20.719999,19.040001,19.309999
2015-01-08,17.93,18.09,16.99,17.01
2015-01-09,16.440001,18.42,16.440001,17.549999
2015-01-12,18.02,20.440001,18.02,19.6
2015-01-13,18.209999,21.58,17.65,20.559999
2015-01-14,22.870001,23.34,21.32,21.48
2015-01-15,21.23,23.309999,20.860001,22.389999
2015-01-16,22.799999,23.43,20.950001,20.950001
2015-01-20,20.07,21.370001,19.58,19.889999
2015-01-21,20.92,21.280001,18.639999,18.85
2015-01-22,17.98,19.23,16.07,16.4
2015-01-23,16.790001,17.09,15.81,16.66
2015-01-26,16.959999,17.43,15.52,15.52
2015-01-27,17.6,18.41,16.67,17.219999
2015-01-28,16.969999,20.440001,16.92,20.440001
2015-01-29,20.459999,21.559999,18.66,18.76
2015-01-30,20.23,22.18,19.24,20.969999
2015-02-02,20.889999,22.809999,19.35,19.43
2015-02-03,18.41,18.889999,17.200001,17.33
2015-02-04,17.82,18.379999,16.82,18.33
2015-02-05,17.290001,17.43,16.67,16.85
2015-02-06,16.290001,18.74,16.059999,17.290001
2015-02-09,19.16,19.280001,18.209999,18.549999
2015-02-10,17.719999,18.360001,16.969999,17.23
2015-02-11,17.43,17.809999,16.82,16.959999
2015-02-12,16.389999,16.469999,15.28,15.34
2015-02-13,15.11,15.64,14.69,14.69
2015-02-17,15.85,16.33,15.53,15.8
2015-02-18,16.74,16.74,15.44,15.45
2015-02-19,16.110001,16.219999,15.1,15.29
2015-02-20,15.73,16.290001,14.27,14.3
2015-02-23,15.05,15.48,14.49,14.56
2015-02-24,14.5,14.63,13.53,13.69
2015-02-25,13.64,14.06,12.86,13.84
2015-02-26,13.55,14.57,13.55,13.91
2015-02-27,14.07,14.17,13.29,13.34
2015-03-02,13.9,13.9,12.87,13.04
2015-03-03,13.35,14.69,13.25,13.86
2015-03-04,14.28,14.71,14.13,14.23
2015-03-05,14.01,14.58,13.88,14.04
2015-03-06,14.61,15.83,14.18,15.2
2015-03-09,15.72,15.76,14.71,15.06
2015-03-10,16.469999,16.91,16.030001,16.690001
2015-03-11,16.440001,17.190001,16.290001,16.870001
2015-03-12,16.450001,16.450001,15.3,15.42
2015-03-13,15.47,16.74,15.32,16
2015-03-16,15.78,15.89,15.36,15.61
2015-03-17,16.309999,16.370001,15.66,15.66
2015-03-18,14.6,16.290001,13.38,13.97
2015-03-19,14.68,14.97,13.84,14.07
2015-03-20,13.52,13.53,12.54,13.02
2015-03-23,13.52,13.53,12.89,13.41
2015-03-24,13.36,13.68,12.59,13.62
2015-03-25,13.26,15.55,13.2,15.44
2015-03-26,16.639999,17.190001,15.23,15.8
2015-03-27,15.73,15.83,14.19,15.07
2015-03-30,14.76,14.76,14.08,14.51
2015-03-31,14.97,15.74,14.33,15.29
2015-04-01,15.32,16.66,15.08,15.11
2015-04-02,15.3,15.51,14.27,14.67
2015-04-06,15.75,15.76,14.04,14.74
2015-04-07,14.57,14.81,14.01,14.78
2015-04-08,14.59,14.77,13.75,13.98
2015-04-09,14.14,14.59,13.09,13.09
2015-04-10,13.2,13.26,12.51,12.58
2015-04-13,13.17,14.31,12.71,13.94
2015-04-14,14.34,14.74,13.64,13.67
2015-04-15,13.58,13.58,12.83,12.84
2015-04-16,13.27,13.35,12.5,12.6
2015-04-17,13.97,15.02,13.73,13.89
2015-04-20,13.67,13.67,12.83,13.3
2015-04-21,12.75,13.51,12.66,13.25
2015-04-22,12.97,13.8,12.57,12.71
2015-04-23,12.96,12.96,12.12,12.48
2015-04-24,12.21,13.02,12.16,12.29
2015-04-27,12.34,13.4,12.33,13.12
2015-04-28,13.26,14.23,12.41,12.41
2015-04-29,13.44,14.34,12.61,13.39
2015-04-30,13.89,15.29,12.49,14.55
2015-05-01,13.98,13.98,12.68,12.7
2015-05-04,13.12,13.18,12.1,12.85
2015-05-05,13.21,14.41,12.97,14.31
2015-05-06,13.93,16.360001,13.89,15.15
2015-05-07,15.48,15.97,14.81,15.13
2015-05-08,13.36,13.42,12.7,12.86
2015-05-11,13.35,13.85,13,13.85
2015-05-12,14.73,15.13,13.73,13.86
2015-05-13,13.63,14.04,13.06,13.76
2015-05-14,13.14,13.29,12.72,12.74
2015-05-15,12.46,13.09,12.35,12.38
2015-05-18,13.08,13.22,12.55,12.73
2015-05-19,12.95,13.13,12.55,12.85
2015-05-20,12.9,13.27,12.62,12.88
2015-05-21,13.03,13.09,12.09,12.11
2015-05-22,12.37,12.37,11.82,12.13
2015-05-26,13.45,14.63,13.34,14.06
2015-05-27,14.16,14.41,13.05,13.27
2015-05-28,13.49,13.99,13.31,13.31
2015-05-29,13.59,14.43,13.4,13.84
2015-06-01,13.92,14.86,13.47,13.97
2015-06-02,14.72,15.05,13.59,14.24
2015-06-03,13.73,14.2,13.4,13.66
2015-06-04,14.57,15.49,13.99,14.71
2015-06-05,15.01,15.65,14.21,14.21
2015-06-08,14.84,15.5,14.67,15.29
2015-06-09,15.18,15.74,14.47,14.47
2015-06-10,14.24,14.37,12.96,13.22
2015-06-11,13.04,13.22,12.56,12.85
2015-06-12,13.31,14.02,13.3,13.78
2015-06-15,15.48,15.57,14.91,15.39
2015-06-16,15.62,15.62,14.81,14.81
2015-06-17,14.66,15.49,14.07,14.5
2015-06-18,14.03,14.03,12.54,13.19
2015-06-19,13.35,14,12.96,13.96
2015-06-22,13.42,13.46,12.43,12.74
2015-06-23,12.5,12.68,11.93,12.11
2015-06-24,12.57,13.33,12.01,13.26
2015-06-25,12.96,14.16,12.92,14.01
2015-06-26,14.13,14.91,13.64,14.02
2015-06-29,16.700001,19.5,15.82,18.85
2015-06-30,17.6,19.799999,17.49,18.23
2015-07-01,16.629999,17.26,15.65,16.09
2015-07-02,15.43,17.48,15.39,16.790001
2015-07-06,18.65,18.950001,16.57,17.01
2015-07-07,17.219999,19.200001,15.93,16.09
2015-07-08,17.379999,19.76,16.940001,19.66
2015-07-09,17.459999,20.049999,17.200001,19.969999
2015-07-10,17.450001,18.17,16.6,16.83
2015-07-13,15.29,15.36,13.82,13.9
2015-07-14,13.91,13.95,12.9,13.37
2015-07-15,13.35,13.97,12.81,13.23
2015-07-16,12.59,12.61,11.87,12.11
2015-07-17,11.77,12.22,11.77,11.95
2015-07-20,12.25,12.37,11.71,12.25
2015-07-21,12.42,12.79,12.21,12.22
2015-07-22,12.77,12.83,12.05,12.12
2015-07-23,12.06,13.08,11.73,12.64
2015-07-24,12.87,14.73,12.86,13.74
2015-07-27,15.6,16.27,15.03,15.6
2015-07-28,14.87,15.62,13.32,13.44
2015-07-29,13.57,13.59,11.85,12.5
2015-07-30,12.72,13.42,12.09,12.13
2015-07-31,12.03,12.63,11.82,12.12
2015-08-03,12.85,13.55,12.32,12.56
2015-08-04,12.66,13.22,12.29,13
2015-08-05,12.02,12.72,10.88,12.51
2015-08-06,12.2,14.25,12.16,13.77
2015-08-07,13.57,14.58,13.29,13.39
2015-08-10,12.73,12.78,12.18,12.23
2015-08-11,13.24,14.33,13.02,13.71
2015-08-12,15.19,16.280001,13.45,13.61
2015-08-13,13.87,14.33,13.06,13.49
2015-08-14,13.69,13.87,12.8,12.83
2015-08-17,14.32,14.52,13.01,13.02
2015-08-18,13.41,13.94,13.17,13.79
2015-08-19,14.84,15.96,13.73,15.25
2015-08-20,16.549999,19.24,16.129999,19.139999
2015-08-21,22.549999,28.379999,20.799999,28.030001
2015-08-24,28.030001,53.290001,28.030001,40.740002
2015-08-25,31.129999,38.060001,28.08,36.02
2015-08-26,31.129999,35.619999,28.67,30.32
2015-08-27,27.110001,29.9,24.49,26.1
2015-08-28,26.690001,29.200001,25.77,26.049999
2015-08-31,27.030001,29.370001,26.629999,28.43
2015-09-01,31.91,33.82,29.91,31.4
2015-09-02,29.139999,30.450001,24.77,26.09
2015-09-03,25.209999,26.309999,23.450001,25.610001
2015-09-04,27.43,29.469999,25.68,27.799999
2015-09-08,25.049999,26.25,24.129999,24.9
2015-09-09,22.389999,26.82,21.51,26.23
2015-09-10,26.870001,27.219999,23.530001,24.370001
2015-09-11,25.379999,25.809999,23.15,23.200001
2015-09-14,24.030001,25.32,23.639999,24.25
2015-09-15,23.280001,23.77,22.129999,22.540001
2015-09-16,22.57,22.940001,21.09,21.35
2015-09-17,21.540001,23.33,17.870001,21.139999
2015-09-18,23.07,23.99,20.98,22.280001
2015-09-21,21.969999,22.48,20.049999,20.139999
2015-09-22,22.969999,26.290001,22.25,22.440001
2015-09-23,22.09,23.200001,21.139999,22.129999
2015-09-24,23.530001,25.299999,21.809999,23.469999
2015-09-25,21.120001,24.290001,20.809999,23.620001
2015-09-28,25.02,28.33,24.940001,27.629999
2015-09-29,26.57,28.200001,25.76,26.83
2015-09-30,24.639999,25.879999,23.25,24.5
2015-10-01,23.139999,25.23,22.549999,22.549999
2015-10-02,23.99,24.469999,20.35,20.940001
2015-10-05,20.309999,20.42,19.139999,19.540001
2015-10-06,19.540001,20.32,18.82,19.4
2015-10-07,18.959999,19.73,18.33,18.4
2015-10-08,18.620001,19.02,16.34,17.42
2015-10-09,17.15,18.200001,16.889999,17.08
2015-10-12,17.68,17.809999,16.15,16.17
2015-10-13,17.08,17.700001,16.139999,17.67
2015-10-14,17.67,18.780001,17.299999,18.030001
2015-10-15,17.620001,17.85,16.040001,16.049999
2015-10-16,15.64,16.860001,15.05,15.05
2015-10-19,15.68,16.23,14.82,14.98
2015-10-20,15.17,16.34,14.72,15.75
2015-10-21,14.98,16.700001,14.41,16.700001
2015-10-22,15.02,15.92,14.45,14.45
2015-10-23,13.46,15.12,13.24,14.46
2015-10-26,14.76,15.43,14.68,15.29
2015-10-27,15.75,15.99,14.78,15.43
2015-10-28,15.14,15.73,12.8,14.33
2015-10-29,14.8,15.46,14.33,14.61
2015-10-30,14.6,15.39,14,15.07
2015-11-02,15.41,15.51,13.67,14.15
2015-11-03,14.33,14.73,13.81,14.54
2015-11-04,14.04,15.88,13.96,15.51
2015-11-05,15.39,16.389999,15,15.05
2015-11-06,14.91,16,14.32,14.33
2015-11-09,15.34,17.09,15.14,16.52
2015-11-10,16.690001,16.959999,15.24,15.29
2015-11-11,15.07,16.15,15.02,16.059999
2015-11-12,17.059999,18.5,16.65,18.370001
2015-11-13,18.68,20.67,18.200001,20.08
2015-11-16,20.51,20.549999,17.25,18.16
2015-11-17,17.82,19.59,16.860001,18.84
2015-11-18,19.01,19.450001,16.799999,16.85
2015-11-19,16.25,18.26,16,16.99
2015-11-20,16.129999,16.379999,15.47,15.47
2015-11-23,16.15,16.74,15.38,15.62
2015-11-24,16.530001,17.209999,15.48,15.93
2015-11-25,15.55,15.89,15.05,15.19
2015-11-27,15.31,16.09,15.12,15.12
2015-11-30,15.55,16.57,15.52,16.129999
2015-12-01,15.61,16.34,14.63,14.67
2015-12-02,15.04,16.49,14.71,15.91
2015-12-03,15.87,19.35,15.86,18.110001
2015-12-04,17.43,17.65,14.69,14.81
2015-12-07,15.65,17.18,15.58,15.84
2015-12-08,17.690001,18.33,16.52,17.6
2015-12-09,18.049999,20.129999,15.72,19.610001
2015-12-10,19.25,19.719999,18.129999,19.34
2015-12-11,21.360001,25.27,20.879999,24.389999
2015-12-14,24.700001,26.809999,21.469999,22.73
2015-12-15,20.76,21.620001,20.02,20.950001
2015-12-16,19.25,20.24,17.120001,17.860001
2015-12-17,16.18,19.049999,16.129999,18.940001
2015-12-18,19.34,23.299999,18.75,20.700001
2015-12-21,19.639999,20.209999,18.700001,18.700001
2015-12-22,17.610001,18.219999,16.6,16.6
2015-12-23,15.86,16.25,15.33,15.57
2015-12-24,15.44,15.88,14.45,15.74
2015-12-28,17.65,18.129999,16.879999,16.91
2015-12-29,15.91,16.48,15.63,16.08
2015-12-30,16.5,17.42,16.5,17.290001
2015-12-31,17.969999,20.389999,17.51,18.209999
2016-01-04,22.48,23.360001,20.67,20.700001
2016-01-05,20.75,21.059999,19.25,19.34
2016-01-06,21.67,21.860001,19.799999,20.59
2016-01-07,23.219999,25.860001,22.4,24.99
2016-01-08,22.959999,27.08,22.48,27.01
2016-01-11,25.58,27.389999,23.83,24.299999
2016-01-12,22.969999,23.93,21.91,22.469999
2016-01-13,21.719999,26.110001,21.440001,25.219999
2016-01-14,24.75,26.280001,23.07,23.950001
2016-01-15,28.959999,30.950001,26.67,27.02
2016-01-19,25.4,27.59,25.209999,26.049999
2016-01-20,27.780001,32.09,26.59,27.59
2016-01-21,27.790001,28.43,25.01,26.690001
2016-01-22,24.209999,24.549999,22.219999,22.34
2016-01-25,23.299999,24.309999,22.379999,24.15
2016-01-26,23.75,24.02,22.33,22.5
2016-01-27,22.879999,27.219999,20.42,23.110001
2016-01-28,22.15,23.809999,21.9,22.42
2016-01-29,21.59,21.74,19.5,20.200001
2016-02-01,21.32,23.66,19.610001,19.98
2016-02-02,21.34,22.42,21.059999,21.98
2016-02-03,21.49,27.700001,21.42,21.65
2016-02-04,22.290001,23.139999,21.24,21.84
2016-02-05,22.09,24.110001,21.91,23.379999
2016-02-08,25.889999,27.719999,25.559999,26
2016-02-09,28.299999,28.309999,25.99,26.540001
2016-02-10,25.75,26.6,24.469999,26.290001
2016-02-11,29.01,30.9,26.67,28.139999
2016-02-12,27.16,27.57,24.92,25.4
2016-02-16,24.959999,25.52,23.32,24.110001
2016-02-17,23.4,24.16,21.83,22.309999
2016-02-18,22.16,22.530001,21.290001,21.639999
2016-02-19,22.389999,23.440001,20.52,20.530001
2016-02-22,20.139999,20.35,19.02,19.379999
2016-02-23,19.75,21.16,19.540001,20.98
2016-02-24,22.280001,22.870001,20.26,20.719999
2016-02-25,20.540001,21.26,19.1,19.110001
2016-02-26,18.889999,20.129999,18.459999,19.809999
2016-02-29,20.49,20.809999,18.379999,20.549999
2016-03-01,19.84,20.17,17.66,17.700001
2016-03-02,17.98,18.41,16.780001,17.09
2016-03-03,17.25,17.559999,16.32,16.700001
2016-03-04,16.48,17.35,16.049999,16.860001
2016-03-07,17.98,18.040001,16.870001,17.35
2016-03-08,18.379999,18.889999,17.82,18.67
2016-03-09,18.559999,19.110001,18.309999,18.34
2016-03-10,18.17,19.59,17.059999,18.049999
2016-03-11,17.09,17.27,16.280001,16.5
2016-03-14,17.01,17.67,16.690001,16.92
2016-03-15,17.6,17.85,16.84,16.84
2016-03-16,15.96,16.33,14.89,14.99
2016-03-17,15.34,15.38,13.82,14.44
2016-03-18,14.05,14.36,13.75,14.02
2016-03-21,14.57,14.73,13.79,13.79
2016-03-22,14.57,14.76,13.75,14.17
2016-03-23,14.57,15.03,14.33,14.94
2016-03-24,16.299999,16.440001,14.71,14.74
2016-03-28,15.65,16.040001,14.89,15.24
2016-03-29,15.74,15.89,13.79,13.82
2016-03-30,13.69,13.89,13.06,13.56
2016-03-31,13.73,14.28,13.49,13.95
2016-04-01,15.23,15.28,13,13.1
2016-04-04,13.88,14.24,13.66,14.12
2016-04-05,15.39,15.72,14.93,15.42
2016-04-06,15.61,15.98,14,14.09
2016-04-07,15.14,16.77,14.68,16.16
2016-04-08,15.34,15.93,14.84,15.36
2016-04-11,15.34,16.26,14.83,16.26
2016-04-12,15.98,16.57,14.84,14.85
2016-04-13,14.49,14.53,13.6,13.84
2016-04-14,13.9,14.12,13.38,13.72
2016-04-15,13.77,14.19,13.58,13.62
2016-04-18,14.87,14.94,13.23,13.35
2016-04-19,13.18,13.88,12.98,13.24
2016-04-20,13.39,13.5,12.5,13.28
2016-04-21,13.2,14.14,13.16,13.95
2016-04-22,13.7,14.19,13.15,13.22
2016-04-25,14.07,14.76,13.86,14.08
2016-04-26,14.01,14.43,13.66,13.96
2016-04-27,14.15,14.95,13.5,13.77
2016-04-28,14.53,15.61,13.3,15.22
2016-04-29,15.21,17.09,14.91,15.7
2016-05-02,16.33,16.5,14.48,14.68
2016-05-03,14.92,16.42,14.91,15.6
2016-05-04,15.47,16.85,15.39,16.049999
2016-05-05,15.54,16.450001,15.22,15.91
2016-05-06,16.200001,16.58,14.71,14.72
2016-05-09,15.2,15.39,14.17,14.57
2016-05-10,13.98,14.35,13.55,13.63
2016-05-11,13.92,14.69,13.29,14.69
2016-05-12,14.55,15.42,13.95,14.41
2016-05-13,15.15,15.47,13.97,15.04
2016-05-16,15.72,15.98,14.28,14.68
2016-05-17,14.57,16.120001,14.48,15.57
2016-05-18,15.72,16.469999,14.86,15.95
2016-05-19,16.370001,17.65,16.280001,16.33
2016-05-20,16.129999,16.299999,15.11,15.2
2016-05-23,16.33,16.469999,15.4,15.82
2016-05-24,16.030001,16.059999,14.36,14.42
2016-05-25,14.19,14.33,13.64,13.9
2016-05-26,13.8,14.11,13.43,13.43
2016-05-27,13.49,13.76,13.04,13.12
2016-05-31,13.94,15,13.45,14.19
2016-06-01,14.45,15.25,14.18,14.2
2016-06-02,14.42,14.92,13.62,13.63
2016-06-03,13.78,14.66,12.9,13.47
2016-06-06,13.84,14.27,13.42,13.65
2016-06-07,12.77,14.05,12.72,14.05
2016-06-08,13.84,14.27,13.7,14.08
2016-06-09,14.01,14.85,13.99,14.64
2016-06-10,14.89,17.33,14.85,17.030001
2016-06-13,18.24,21.01,17.889999,20.969999
2016-06-14,21.280001,22.16,20.27,20.5
2016-06-15,20.25,20.450001,18.629999,20.139999
2016-06-16,20.799999,22.889999,19.24,19.370001
2016-06-17,19.42,20.030001,18.709999,19.41
2016-06-20,17.42,18.549999,16.59,18.370001
2016-06-21,17.67,18.959999,16.91,18.48
2016-06-22,18.26,21.219999,17.83,21.17
2016-06-23,19.540001,19.790001,17.25,17.25
2016-06-24,26.059999,26.24,19.48,25.76
2016-06-27,24.379999,26.719999,22.93,23.85
2016-06-28,21.76,22.07,18.75,18.75
2016-06-29,18.120001,18.27,16.48,16.639999
2016-06-30,16.91,16.99,15.29,15.63
2016-07-01,15.59,15.86,14.61,14.77
2016-07-05,16.049999,16.620001,15.49,15.58
2016-07-06,15.87,17.040001,14.96,14.96
2016-07-07,14.8,15.98,14.33,14.76
2016-07-08,14.64,14.75,13.19,13.2
2016-07-11,13.25,13.67,13,13.54
2016-07-12,12.93,13.93,12.75,13.55
2016-07-13,13.32,13.79,12.92,13.04
2016-07-14,12.5,13.37,12.14,12.82
2016-07-15,13.12,13.22,12.27,12.67
2016-07-18,12.75,13.12,12.33,12.44
2016-07-19,12.53,12.83,11.94,11.97
2016-07-20,11.94,11.97,11.4,11.77
2016-07-21,11.8,13.06,11.69,12.74
2016-07-22,12.8,12.88,11.97,12.02
2016-07-25,12.64,13.72,12.39,12.87
2016-07-26,12.88,13.5,12.8,13.05
2016-07-27,12.61,13.74,12.5,12.83
2016-07-28,12.51,13.52,12.36,12.72
2016-07-29,12.85,12.9,11.77,11.87
2016-08-01,11.89,12.98,11.86,12.44
2016-08-02,12.39,14.24,12.35,13.37
2016-08-03,13.53,13.91,12.73,12.86
2016-08-04,12.73,12.98,11.79,12.42
2016-08-05,12.08,12.26,11.18,11.39
2016-08-08,11.66,11.78,11.41,11.5
2016-08-09,11.4,11.92,11.02,11.66
2016-08-10,11.55,12.5,11.37,12.05
2016-08-11,11.93,12.11,11.38,11.68
2016-08-12,11.61,12,11.28,11.55
2016-08-15,11.81,12.17,11.58,11.81
2016-08-16,12.04,12.78,11.87,12.64
2016-08-17,12.57,13.71,12.14,12.19
2016-08-18,12.2,12.53,11.42,11.43
2016-08-19,11.67,12.28,11.33,11.34
2016-08-22,12.53,13.02,11.94,12.27
2016-08-23,12.15,12.44,11.72,12.38
2016-08-24,12.7,14.01,12.3,13.45
2016-08-25,13.62,14.09,13.29,13.63
2016-08-26,13.54,14.93,12.13,13.65
2016-08-29,14.09,14.43,12.9,12.94
2016-08-30,12.94,13.6,12.7,13.12
2016-08-31,13.14,14.34,12.97,13.42
2016-09-01,13.07,14.61,12.99,13.48
2016-09-02,13.47,13.9,11.9,11.98
2016-09-06,12.42,12.93,11.85,12.02
2016-09-07,11.89,12.45,11.77,11.94
2016-09-08,11.74,12.6,11.65,12.51
2016-09-09,12.52,17.540001,12.52,17.5
2016-09-12,20.129999,20.51,14.76,15.16
2016-09-13,15.98,18.969999,15.83,17.85
2016-09-14,17.629999,18.139999,16.34,18.139999
2016-09-15,17.969999,18.07,15.74,16.299999
2016-09-16,16.41,17.1,15.28,15.37
2016-09-19,15.14,15.96,14.6,15.53
2016-09-20,14.98,16.09,14.69,15.92
2016-09-21,15.07,15.65,12.98,13.3
2016-09-22,13.39,13.39,11.76,12.02
2016-09-23,12,12.58,11.93,12.29
2016-09-26,13.26,14.63,13.26,14.5
2016-09-27,13.36,14.76,12.97,13.1
2016-09-28,12.9,13.57,12.24,12.39
2016-09-29,12.53,15.69,12.14,14.02
2016-09-30,14.91,15.2,12.53,13.29
2016-10-03,13.75,14.42,13.42,13.57
2016-10-04,13.4,14.57,12.92,13.63
2016-10-05,13.56,13.68,12.7,12.99
2016-10-06,13.11,13.84,12.8,12.84
2016-10-07,13.52,14.15,12.21,13.48
2016-10-10,14.19,14.36,13.29,13.38
2016-10-11,13.71,16.469999,13.69,15.36
2016-10-12,15.53,16.34,15.26,15.91
2016-10-13,16.879999,17.950001,16.139999,16.690001
2016-10-14,16.49,16.5,15.25,16.120001
2016-10-17,17.01,17.110001,16.129999,16.209999
2016-10-18,15.82,15.85,15.03,15.28
2016-10-19,15.45,15.68,13.87,14.41
2016-10-20,14.43,14.72,13.74,13.75
2016-10-21,14.04,14.53,13.27,13.34
2016-10-24,13.19,13.26,12.83,13.02
2016-10-25,12.91,13.86,12.73,13.46
2016-10-26,13.66,14.8,13.66,14.24
2016-10-27,14.37,15.43,13.6,15.36
2016-10-28,15.67,17.35,14.65,16.190001
2016-10-31,16.309999,17.629999,16.25,17.059999
2016-11-01,16.540001,20.43,16.51,18.559999
2016-11-02,19.09,19.82,18.559999,19.32
2016-11-03,19.85,22.57,18.84,22.08
2016-11-04,21.860001,23.01,19.200001,22.51
2016-11-07,19.780001,19.860001,18.389999,18.709999
2016-11-08,18.92,19.91,17.700001,18.74
2016-11-09,20.700001,21.48,14.33,14.38
2016-11-10,14.01,16.299999,13.26,14.74
2016-11-11,14.83,16,14.15,14.17
2016-11-14,14.69,15.56,14.39,14.48
2016-11-15,14.16,14.65,13.3,13.37
2016-11-16,13.51,14.49,13.51,13.72
2016-11-17,13.37,13.55,12.97,13.35
2016-11-18,13.56,13.74,12.85,12.85
2016-11-21,13.27,13.44,12.16,12.42
2016-11-22,12.26,12.83,12.2,12.41
2016-11-23,12.34,13.01,12.19,12.43
2016-11-25,12.52,12.74,12.31,12.34
2016-11-28,13.4,13.5,12.74,13.15
2016-11-29,13.07,13.55,12.62,12.9
2016-11-30,12.6,13.42,12.23,13.33
2016-12-01,13.4,14.72,13.05,14.07
2016-12-02,14.16,14.48,12.39,14.12
2016-12-05,13.75,13.77,12.14,12.14
2016-12-06,12.19,12.3,11.54,11.79
2016-12-07,11.59,12.24,11.33,12.22
2016-12-08,12.1,13.4,11.3,12.64
2016-12-09,12.59,12.72,11.67,11.75
2016-12-12,12.23,12.78,12.07,12.64
2016-12-13,12.46,13.42,12.34,12.72
2016-12-14,12.88,13.39,12.48,13.19
2016-12-15,13.07,13.24,12.46,12.79
2016-12-16,12.88,12.95,12.15,12.2
2016-12-19,12.5,12.52,11.67,11.71
2016-12-20,11.65,11.75,11.38,11.45
2016-12-21,11.44,11.49,10.93,11.27
2016-12-22,11.32,11.67,11.14,11.43
2016-12-23,11.38,11.81,11.35,11.44
2016-12-27,12.26,12.33,11.84,11.99
2016-12-28,11.89,13.04,11.85,12.95
2016-12-29,13.15,13.71,12.95,13.37
2016-12-30,13.2,14.68,13.05,14.04
2017-01-03,14.07,14.07,12.85,12.85
2017-01-04,12.78,12.8,11.63,11.85
2017-01-05,11.96,12.09,11.4,11.67
2017-01-06,11.7,11.74,10.98,11.32
2017-01-09,11.71,12.08,11.46,11.56
2017-01-10,11.59,11.79,11.31,11.49
2017-01-11,11.56,12.23,11.21,11.26
2017-01-12,11.48,12.6,11.32,11.54
2017-01-13,11.45,11.62,10.94,11.23
2017-01-17,12.2,12.75,11.79,11.87
2017-01-18,11.79,12.81,11.69,12.48
2017-01-19,12.58,13.28,12.17,12.78
2017-01-20,12.58,12.59,11.53,11.54
2017-01-23,12.3,12.62,11.59,11.77
2017-01-24,11.82,11.89,11.04,11.07
2017-01-25,10.79,11.05,10.51,10.81
2017-01-26,10.61,11.01,10.6,10.63
2017-01-27,10.57,10.82,10.3,10.58
2017-01-30,11.1,12.9,11.1,11.88
2017-01-31,12.29,12.99,11.79,11.99
2017-02-01,11.79,12.05,9.97,11.81
2017-02-02,12.37,12.47,11.62,11.93
2017-02-03,11.84,11.84,10.72,10.97
2017-02-06,11.37,11.84,11.09,11.37
2017-02-07,11.39,11.67,11.06,11.29
2017-02-08,11.19,11.82,11.15,11.45
2017-02-09,11.44,11.53,10.74,10.88
2017-02-10,10.85,10.95,10.55,10.85
2017-02-13,11.36,11.4,11.07,11.07
2017-02-14,11.17,11.34,10.73,10.74
2017-02-15,10.84,12.01,10.8,11.97
2017-02-16,12.02,12.86,11.69,11.76
2017-02-17,11.84,12.26,11.37,11.49
2017-02-21,12.05,12.09,11.5,11.57
2017-02-22,11.48,12.07,11.44,11.74
2017-02-23,11.66,12.46,11.54,11.71
2017-02-24,11.81,12.59,11.34,11.47
2017-02-27,11.78,12.14,11.53,12.09
2017-02-28,12.19,12.96,12.13,12.92
2017-03-01,12.31,12.58,11.78,12.54
2017-03-02,12.43,12.71,11.32,11.81
2017-03-03,11.96,11.97,10.94,10.96
2017-03-06,11.59,11.72,11.06,11.24
2017-03-07,11.27,11.58,11.04,11.45
2017-03-08,11.49,11.86,11.09,11.86
2017-03-09,11.75,12.43,11.62,12.3
2017-03-10,11.97,12.09,11.46,11.66
2017-03-13,12.16,12.23,11.29,11.35
2017-03-14,11.39,12.54,11.28,12.3
2017-03-15,12.12,12.25,10.6,11.63
2017-03-16,11.29,11.55,11.16,11.21
2017-03-17,11.38,11.38,10.78,11.28
2017-03-20,11.71,11.72,11.03,11.34
2017-03-21,11.15,12.85,10.92,12.47
2017-03-22,12.95,13.16,11.99,12.81
2017-03-23,12.65,13.17,12.18,13.12
2017-03-24,12.86,14.16,12.27,12.96
2017-03-27,14.78,15.11,12.48,12.5
2017-03-28,12.44,12.67,11.34,11.53
2017-03-29,11.54,11.7,11.03,11.42
2017-03-30,11.37,11.64,11.12,11.54
2017-03-31,11.61,12.54,11.5,12.37
2017-04-03,12.59,13.59,12.27,12.38
2017-04-04,12.71,13.07,11.7,11.79
2017-04-05,11.89,12.89,10.9,12.89
2017-04-06,13.11,13.22,11.7,12.39
2017-04-07,13.17,13.43,12.23,12.87
2017-04-10,13.24,14.11,12.94,14.05
2017-04-11,14.32,15.88,14.17,15.07
2017-04-12,15.16,16.16,14.84,15.77
2017-04-13,15.89,16.219999,14.97,15.96
2017-04-17,16.190001,16.280001,14.6,14.66
2017-04-18,14.5,15.5,14.29,14.42
2017-04-19,14,15.15,13.46,14.93
2017-04-20,14.59,14.81,13.83,14.15
2017-04-21,13.85,15.33,13.85,14.63
2017-04-24,11.56,12.01,10.82,10.84
2017-04-25,10.81,11.15,10.22,10.76
2017-04-26,10.61,10.89,10.39,10.85
2017-04-27,10.72,11.08,10.33,10.36
2017-04-28,10.39,11.16,10.29,10.82
2017-05-01,10.92,11.04,9.9,10.11
2017-05-02,10.15,10.59,10.04,10.59
2017-05-03,10.56,11.15,10.4,10.68
2017-05-04,10.71,11.24,10.27,10.46
2017-05-05,10.51,10.98,9.99,10.57
2017-05-08,10.53,10.55,9.67,9.77
2017-05-09,9.87,10.14,9.56,9.96
2017-05-10,9.75,10.24,9.62,10.21
2017-05-11,10.34,11.23,10.32,10.6
2017-05-12,10.72,10.87,10.28,10.4
2017-05-15,10.54,10.88,10.25,10.42
2017-05-16,10.46,10.67,10.18,10.65
2017-05-17,11.89,15.59,11.53,15.59
2017-05-18,14.06,16.299999,14.03,14.66
2017-05-19,14.23,14.23,11.72,12.04
2017-05-22,12.29,12.52,10.89,10.93
2017-05-23,11,11,10.56,10.72
2017-05-24,10.61,10.9,9.88,10.02
2017-05-25,9.82,10.29,9.72,9.99
2017-05-26,9.93,10.48,9.65,9.81
2017-05-30,10.61,10.84,10.14,10.38
2017-05-31,10.1,11.3,9.93,10.41
2017-06-01,10.42,10.54,9.69,9.89
2017-06-02,10.08,10.3,9.58,9.75
2017-06-05,10.08,10.28,9.6,10.07
2017-06-06,10.19,10.77,9.86,10.45
2017-06-07,10.48,10.93,10.12,10.39
2017-06-08,10.27,10.53,9.73,10.16
2017-06-09,9.93,12.11,9.37,10.7
2017-06-12,11.19,12.37,11.19,11.46
2017-06-13,11.12,11.14,10.26,10.42
2017-06-14,10.33,11.26,10.01,10.64
2017-06-15,11.06,12.01,10.74,10.9
2017-06-16,10.63,11.35,10.26,10.38
2017-06-19,10.57,10.6,10.01,10.37
2017-06-20,10.28,11.15,10.24,10.86
2017-06-21,11.03,11.4,10.4,10.75
2017-06-22,10.81,11.01,10.24,10.48
2017-06-23,10.25,10.69,9.85,10.02
2017-06-26,10.13,10.44,9.68,9.9
2017-06-27,10.04,11.31,9.8,11.06
2017-06-28,11.17,11.49,9.76,10.03
2017-06-29,9.79,15.16,9.73,11.44
2017-06-30,11.74,11.85,10.4,11.18
2017-07-03,11.07,11.45,10.28,11.22
2017-07-05,11.2,12.03,10.79,11.07
2017-07-06,11.2,13.05,11.18,12.54
2017-07-07,12.48,12.57,10.98,11.19
2017-07-10,11.26,11.73,10.61,11.11
2017-07-11,10.79,12.14,10.68,10.89
2017-07-12,10.85,10.85,10.08,10.3
2017-07-13,10.07,10.4,9.9,9.9
2017-07-14,10.09,10.14,9.5,9.51
2017-07-17,9.77,10.03,9.71,9.82
2017-07-18,9.86,10.35,9.66,9.89
2017-07-19,9.69,9.94,9.58,9.79
2017-07-20,9.66,10.28,9.5,9.58
2017-07-21,9.52,9.98,9.3,9.36
2017-07-24,9.94,9.97,9.26,9.43
2017-07-25,9.4,9.52,9.04,9.43
2017-07-26,9.25,9.66,8.84,9.6
2017-07-27,9.33,11.5,9.16,10.11
2017-07-28,10.62,11.3,10.26,10.29
2017-07-31,10.53,10.84,10.23,10.26
2017-08-01,10.19,10.56,9.95,10.09
2017-08-02,10.08,10.81,9.8,10.28
2017-08-03,10.47,10.6,9.9,10.44
2017-08-04,10.48,10.5,9.68,10.03
2017-08-07,10.19,10.32,9.76,9.93
2017-08-08,10.04,11.52,9.52,10.96
2017-08-09,11.49,12.63,11.11,11.11
2017-08-10,11.57,16.17,11.56,16.040001
2017-08-11,16.17,17.280001,14.5,15.51
2017-08-14,14.05,14.05,12.06,12.33
2017-08-15,11.78,12.37,11.45,12.04
2017-08-16,11.59,12.54,11.25,11.74
2017-08-17,11.81,15.77,11.54,15.55
2017-08-18,15.38,16.040001,13.32,14.26
2017-08-21,14.59,14.74,13.07,13.19
2017-08-22,12.6,12.94,11.35,11.35
2017-08-23,11.51,12.59,11.39,12.25
2017-08-24,12.06,12.83,11.55,12.23
2017-08-25,12.2,12.45,11.1,11.28
2017-08-28,12.09,12.11,11.23,11.32
2017-08-29,13.33,14.34,11.48,11.7
2017-08-30,11.4,11.98,10.96,11.22
2017-08-31,11.07,11.22,10.34,10.59
2017-09-01,10.33,10.46,10.02,10.13
2017-09-05,11.75,14.06,11.41,12.23
2017-09-06,12.27,12.59,11.35,11.63
2017-09-07,11.93,12.07,11.32,11.55
2017-09-08,11.87,12.6,11.84,12.12
2017-09-11,11.38,11.39,10.51,10.73
2017-09-12,10.66,10.95,10.29,10.58
2017-09-13,10.72,10.86,10.33,10.5
2017-09-14,10.57,11.04,10.28,10.44
2017-09-15,10.51,10.74,10,10.17
2017-09-18,10.18,10.42,9.88,10.15
2017-09-19,10.16,10.3,9.85,10.18
2017-09-20,10.04,10.67,9.67,9.78
2017-09-21,9.74,10.21,9.54,9.67
2017-09-22,9.9,10.2,9.5,9.59
2017-09-25,10.08,11.21,9.79,10.21
2017-09-26,10.42,10.68,9.94,10.17
2017-09-27,9.9,10.42,9.63,9.87
2017-09-28,9.74,10.13,9.55,9.55
2017-09-29,9.59,9.83,9.36,9.51
2017-10-02,9.59,10.04,9.37,9.45
2017-10-03,9.3,9.75,9.3,9.51
2017-10-04,9.53,9.88,9.53,9.63
2017-10-05,9.48,9.62,9.13,9.19
2017-10-06,9.23,10.27,9.11,9.65
2017-10-09,9.92,10.53,9.88,10.33
2017-10-10,10.15,10.66,9.94,10.08
2017-10-11,9.95,10.38,9.72,9.85
2017-10-12,9.94,10.33,9.65,9.91
2017-10-13,9.95,9.98,9.44,9.61
2017-10-16,9.95,10.02,9.75,9.91
2017-10-17,9.85,10.46,9.78,10.31
2017-10-18,10.34,10.41,9.87,10.07
2017-10-19,10.22,11.77,9.99,10.05
2017-10-20,9.92,10.04,9.29,9.97
2017-10-23,10.25,11.08,9.94,11.07
2017-10-24,10.89,11.16,10.39,11.16
2017-10-25,11.34,13.2,10.99,11.23
2017-10-26,11.17,11.81,10.6,11.3
2017-10-27,11.12,11.12,9.74,9.8
2017-10-30,10.28,10.89,10.1,10.5
2017-10-31,10.34,10.37,9.9,10.18
2017-11-01,9.79,10.49,9.74,10.2
2017-11-02,10.44,10.89,9.67,9.93
2017-11-03,9.83,9.91,8.99,9.14
2017-11-06,9.63,9.74,9.38,9.4
2017-11-07,9.31,10.31,9.29,9.89
2017-11-08,9.79,10.27,9.5,9.78
2017-11-09,9.94,12.19,9.79,10.5
2017-11-10,10.78,11.58,10.5,11.29
2017-11-13,11.43,12.18,11,11.5
2017-11-14,11.53,12.61,11.45,11.59
2017-11-15,12.52,14.51,12.33,13.13
2017-11-16,12.47,12.52,11.38,11.76
2017-11-17,11.75,12.01,11.16,11.43
2017-11-20,11.96,12.08,10.44,10.65
2017-11-21,10.74,10.78,9.67,9.73
2017-11-22,9.6,9.88,9.32,9.88
2017-11-24,9.82,9.96,8.56,9.67
2017-11-27,10.07,10.26,9.79,9.87
2017-11-28,9.72,10.31,9.53,10.03
2017-11-29,9.91,10.93,9.81,10.7
2017-11-30,10.49,12.05,10.25,11.28
2017-12-01,11.19,14.58,10.54,11.43
2017-12-04,11.05,11.86,10.26,11.68
2017-12-05,11.38,11.67,10.65,11.33
2017-12-06,11.63,11.68,10.86,11.02
2017-12-07,10.9,11.32,10.12,10.16
2017-12-08,10,10.06,9.43,9.58
2017-12-11,9.74,10.08,9.28,9.34
2017-12-12,9.36,9.92,9.21,9.92
2017-12-13,9.78,10.21,9.65,10.18
2017-12-14,9.98,10.54,9.78,10.49
2017-12-15,10.12,10.2,9.22,9.42
2017-12-18,9.46,9.89,9.24,9.53
2017-12-19,9.4,10.15,9.18,10.03
2017-12-20,9.69,9.85,8.9,9.72
2017-12-21,9.59,9.86,9.2,9.62
2017-12-22,9.37,10.18,9.35,9.9
2017-12-26,10.19,10.46,10.13,10.25
2017-12-27,10.04,10.79,9.71,10.47
2017-12-28,10.29,10.44,10.07,10.18
2017-12-29,10.03,11.06,9.95,11.04
2018-01-02,10.95,11.07,9.52,9.77
2018-01-03,9.56,9.65,8.94,9.15
2018-01-04,9.01,9.31,8.92,9.22
2018-01-05,9.1,9.54,9,9.22
2018-01-08,9.61,9.89,9.32,9.52
2018-01-09,9.41,10.09,9.37,10.08
2018-01-10,10.11,10.85,9.82,9.82
2018-01-11,9.69,10.02,9.62,9.88
2018-01-12,9.74,10.31,9.54,10.16
2018-01-16,10.42,12.41,10.4,11.66
2018-01-17,11.35,12.81,11.18,11.91
2018-01-18,12.01,12.4,11.62,12.22
2018-01-19,12.3,12.33,11.18,11.27
2018-01-22,11.59,11.62,10.84,11.03
2018-01-23,10.77,11.57,10.76,11.1
2018-01-24,11,12.19,10.89,11.47
2018-01-25,11.27,12.01,11.2,11.58
2018-01-26,11.4,11.6,11.08,11.08
2018-01-29,11.71,13.84,11.68,13.84
2018-01-30,13.93,15.42,13.88,14.79
2018-01-31,14.23,14.44,13.41,13.54
2018-02-01,13.05,14.3,12.5,13.47
2018-02-02,13.64,17.860001,13.64,17.309999
2018-02-05,18.440001,38.799999,16.799999,37.32
2018-02-06,37.32,50.299999,22.42,29.98
2018-02-07,31.379999,31.639999,21.17,27.73
2018-02-08,27.290001,36.169998,24.41,33.459999
2018-02-09,32.18,41.060001,27.73,29.059999
2018-02-12,27.25,29.700001,24.42,25.610001
2018-02-13,26.940001,27.82,24.469999,24.969999
2018-02-14,23.48,25.719999,18.99,19.26
2018-02-15,18.389999,20.66,17.6,19.129999
2018-02-16,18.74,20.99,17.440001,19.459999
2018-02-20,20.530001,21.610001,19.75,20.6
2018-02-21,20.76,21.040001,16.969999,20.02
2018-02-22,20.57,20.610001,18.07,18.719999
2018-02-23,17.959999,18.799999,16.469999,16.49
2018-02-26,16.530001,16.940001,15.8,15.8
2018-02-27,15.83,18.98,15.29,18.59
2018-02-28,18.08,20.440001,15.65,19.85
2018-03-01,19.959999,25.299999,19.57,22.469999
2018-03-02,22.469999,26.219999,19.360001,19.59
2018-03-05,21.549999,21.57,17.940001,18.73
2018-03-06,18.25,19.639999,17.68,18.360001
2018-03-07,20.110001,20.49,17.52,17.76
2018-03-08,17.559999,17.68,14.91,16.540001
2018-03-09,16.41,16.75,13.31,14.64
2018-03-12,15.28,16.35,15.18,15.78
2018-03-13,15.7,16.98,15.03,16.35
2018-03-14,16.59,17.59,14.94,17.23
2018-03-15,16.99,17.41,15.96,16.59
2018-03-16,16.6,16.719999,15.23,15.8
2018-03-19,16.629999,21.870001,16.559999,19.02
2018-03-20,18.379999,19.309999,18.09,18.200001
2018-03-21,17.76,18.370001,16.26,17.860001
2018-03-22,18.129999,23.809999,18.120001,23.34
2018-03-23,24.02,26.01,21.629999,24.870001
2018-03-26,23.41,24.540001,20.709999,21.030001
2018-03-27,20.33,24.059999,19.84,22.5
2018-03-28,22.52,24.940001,21.709999,22.870001
2018-03-29,22.870001,23.049999,19.6,19.969999
2018-04-02,21.07,25.719999,20.440001,23.620001
2018-04-03,23.030001,23.379999,20.92,21.1
2018-04-04,21.68,24.51,19.860001,20.059999
2018-04-05,19.76,20.209999,18.57,18.940001
2018-04-06,20.33,23.120001,18.6,21.49
2018-04-09,21.27,22.02,20.34,21.77
2018-04-10,20.51,21.68,20.24,20.469999
2018-04-11,20.950001,21.66,19.639999,20.24
2018-04-12,19.83,19.92,18.16,18.49
2018-04-13,18.27,18.450001,17.26,17.41
2018-04-16,17.59,17.66,16.379999,16.559999
2018-04-17,16.16,16.27,14.57,15.25
2018-04-18,15.3,16.9,14.95,15.6
2018-04-19,15.55,16.92,15.16,15.96
2018-04-20,16.16,17.5,15.19,16.879999
2018-04-23,17.290001,17.559999,15.79,16.34
2018-04-24,16.16,19.66,15.37,18.02
2018-04-25,18.139999,19.84,17.75,17.84
2018-04-26,18.07,18.120001,16.24,16.24
2018-04-27,16.219999,16.77,15.25,15.41
2018-04-30,15.31,16.35,15.13,15.93
2018-05-01,16,16.82,15.42,15.49
2018-05-02,15.48,15.97,14.75,15.97
2018-05-03,15.78,18.66,15.43,15.9
2018-05-04,15.94,16.92,10.91,14.77
2018-05-07,15.05,15.27,14.51,14.75
2018-05-08,14.53,15.56,14.52,14.71
2018-05-09,14.54,14.63,13.38,13.42
2018-05-10,13.36,13.63,12.92,13.23
2018-05-11,13.22,13.44,12.65,12.65
2018-05-14,13.09,13.28,12.81,12.93
2018-05-15,13.13,15.01,12.5,14.63
2018-05-16,14.38,14.91,13.21,13.42
2018-05-17,13.54,13.86,12.65,13.43
2018-05-18,13.18,13.87,13.06,13.42
2018-05-21,12.99,13.59,12.78,13.08
2018-05-22,13.03,13.42,12.77,13.22
2018-05-23,13.5,14.6,12.49,12.58
2018-05-24,12.73,14.24,12.53,12.53
2018-05-25,12.44,13.52,12.29,13.22
2018-05-29,14.39,18.780001,14.39,17.02
2018-05-30,16.6,16.639999,14.65,14.94
2018-05-31,14.93,16.290001,14.2,15.43
2018-06-01,14.92,14.93,13.37,13.46
2018-06-04,13.91,13.91,12.69,12.74
2018-06-05,12.91,13.34,12.3,12.4
2018-06-06,12.1,12.56,11.62,11.64
2018-06-07,11.66,13.28,11.22,12.13
2018-06-08,12.54,13.31,12.09,12.18
2018-06-11,12.52,12.69,12.14,12.35
2018-06-12,12.29,12.6,11.88,12.34
2018-06-13,12.13,12.95,11.98,12.94
2018-06-14,12.98,13.07,11.88,12.12
2018-06-15,12.19,13.16,11.93,11.98
2018-06-18,12.79,13.74,12.28,12.31
2018-06-19,14.61,14.68,13.21,13.35
2018-06-20,12.9,13.02,12.25,12.79
2018-06-21,12.54,15.18,12.18,14.64
2018-06-22,14.6,14.6,13.11,13.77
2018-06-25,15.07,19.610001,14.56,17.33
2018-06-26,16.709999,17.540001,15.1,15.92
2018-06-27,16.52,18.190001,14.76,17.91
2018-06-28,17.540001,18.99,16.4,16.85
2018-06-29,15.73,16.51,14.66,16.09
2018-07-02,17.700001,18.08,15.54,15.6
2018-07-03,15.37,16.450001,14.68,16.139999
2018-07-05,15.62,16.219999,14.47,14.97
2018-07-06,14.99,15.45,13.34,13.37
2018-07-09,13.02,13.22,12.6,12.69
2018-07-10,12.52,13.21,11.93,12.64
2018-07-11,14.05,14.15,13.09,13.63
2018-07-12,13.07,13.33,12.42,12.58
2018-07-13,12.39,12.97,11.62,12.18
2018-07-16,12.77,12.97,12.46,12.83
2018-07-17,12.91,13.18,11.85,12.06
2018-07-18,11.87,12.47,11.44,12.1
2018-07-19,12.2,13.09,11.79,12.87
2018-07-20,13,13.58,12.49,12.86
2018-07-23,13.47,13.55,12.58,12.62
2018-07-24,12.61,13.21,11.66,12.41
2018-07-25,12.37,12.82,11.8,12.29
2018-07-26,12.45,12.53,11.78,12.14
2018-07-27,12.17,14.26,11.6,13.03
2018-07-30,13.63,14.46,12.98,14.26
2018-07-31,13.98,14.12,12.81,12.83
2018-08-01,13.09,13.63,12.45,13.15
2018-08-02,13.57,14.53,12.17,12.19
2018-08-03,12.43,12.46,11.07,11.64
2018-08-06,11.91,12.15,11.17,11.27
2018-08-07,11.12,11.24,10.52,10.93
2018-08-08,10.93,11.18,10.52,10.85
2018-08-09,10.94,11.31,10.17,11.27
2018-08-10,12.34,13.82,12.3,13.16
2018-08-13,14.5,15.02,12.95,14.78
2018-08-14,13.93,14.22,13.11,13.31
2018-08-15,13.52,16.860001,13.44,14.64
2018-08-16,14.18,14.36,12.82,13.45
2018-08-17,13.18,13.96,12.4,12.64
2018-08-20,12.57,12.79,12.26,12.49
2018-08-21,12.47,12.89,12.09,12.86
2018-08-22,13.09,13.29,11.97,12.25
2018-08-23,12.03,12.68,11.65,12.41
2018-08-24,12.13,12.17,11.83,11.99
2018-08-27,12.37,12.48,12.02,12.16
2018-08-28,12.01,12.5,11.87,12.5
2018-08-29,12.34,12.55,12.09,12.25
2018-08-30,12.25,13.95,12.24,13.53
2018-08-31,13.54,14.03,12.82,12.86
2018-09-04,13.13,14.35,13.12,13.16
2018-09-05,13.69,14.3,13.23,13.91
2018-09-06,14.21,15.41,13.72,14.65
2018-09-07,14.72,15.63,14.31,14.88
2018-09-10,15.09,15.2,13.93,14.16
2018-09-11,13.96,14.92,13.21,13.22
2018-09-12,13.07,13.86,12.91,13.14
2018-09-13,12.91,12.91,12.3,12.37
2018-09-14,12.13,13.15,11.93,12.07
2018-09-17,12.72,13.75,12.32,13.68
2018-09-18,13.48,13.48,12.56,12.79
2018-09-19,12.61,12.77,11.66,11.75
2018-09-20,11.82,11.96,11.31,11.8
2018-09-21,11.76,12.03,11.1,11.68
2018-09-24,12.46,12.92,12.18,12.2
2018-09-25,12.28,12.6,11.8,12.42
2018-09-26,12.21,13.13,11.55,12.89
2018-09-27,12.77,13,11.94,12.41
2018-09-28,12.59,13.22,12.09,12.12
2018-10-01,11.99,12.4,11.57,12
2018-10-02,12.47,12.69,11.61,12.05
2018-10-03,11.66,12.14,11.34,11.61
2018-10-04,12.84,15.84,12.42,14.22
2018-10-05,14.29,17.360001,11.72,14.82
2018-10-08,16.049999,18.379999,15.69,15.69
2018-10-09,16.120001,17.49,15.27,15.95
2018-10-10,16.030001,22.959999,15.83,22.959999
2018-10-11,23.07,28.84,20.65,24.98
2018-10-12,21.629999,26.799999,20.879999,21.309999
2018-10-15,21.969999,22.889999,19.469999,21.299999
2018-10-16,20.280001,20.559999,17.549999,17.620001
2018-10-17,17.059999,19.549999,17.059999,17.4
2018-10-18,18.02,21.57,17.51,20.059999
2018-10-19,19.24,21.08,18.389999,19.889999
2018-10-22,19.379999,20.889999,18.82,19.639999
2018-10-23,22.18,24.66,20.18,20.709999
2018-10-24,21.6,26.379999,20.4,25.23
2018-10-25,24.780001,24.780001,22.059999,24.219999
2018-10-26,24.51,27.52,23.33,24.16
2018-10-29,24.48,27.860001,22.01,24.700001
2018-10-30,23.940001,25.549999,23.110001,23.35
2018-10-31,22.719999,22.799999,20.389999,21.23
2018-11-01,20.959999,21.209999,19.030001,19.34
2018-11-02,18.52,21.610001,18.049999,19.51
2018-11-05,20.58,20.870001,19.639999,19.959999
2018-11-06,19.84,20.6,19.690001,19.91
2018-11-07,18.030001,18.049999,16.33,16.360001
2018-11-08,16.18,17.200001,16.09,16.719999
2018-11-09,16.870001,18.41,16.84,17.360001
2018-11-12,17.26,20.709999,17.25,20.450001
2018-11-13,19.450001,21.25,19.110001,20.02
2018-11-14,20.52,22.360001,19.299999,21.25
2018-11-15,20.41,22.969999,19.940001,19.98
2018-11-16,20.040001,21.360001,18.1,18.139999
2018-11-19,18.780001,20.99,18.52,20.1
2018-11-20,20.76,23.809999,20.370001,22.48
2018-11-21,21.66,22.309999,20.110001,20.799999
2018-11-23,21.23,22.65,20.65,21.52
2018-11-26,20.780001,20.799999,18.67,18.9
2018-11-27,19.41,19.93,18.700001,19.02
2018-11-28,18.870001,19.379999,18.18,18.49
2018-11-29,18.65,20.48,18.59,18.790001
2018-11-30,19.18,19.91,18.030001,18.07
2018-12-03,16.040001,17.280001,15.94,16.440001
2018-12-04,16.84,21.940001,16.26,20.74
2018-12-06,23.530001,25.940001,20.940001,21.190001
2018-12-07,22.42,24.709999,19.9,23.23
2018-12-10,23.950001,25.940001,22.5,22.639999
2018-12-11,22.959999,23.6,21.389999,21.76
2018-12-12,21.91,21.91,20.5,21.459999
2018-12-13,21,21.57,20.34,20.65
2018-12-14,21.57,22.469999,20.950001,21.629999
2018-12-17,22.360001,25.879999,21.969999,24.52
2018-12-18,24.68,26.139999,23.639999,25.58
2018-12-19,25.15,26.639999,22.5,25.58
2018-12-20,26.09,30.299999,24.68,28.379999
2018-12-21,28.24,31.35,25.709999,30.110001
2018-12-24,29.290001,36.099998,29.16,36.07
2018-12-26,35.5,36.200001,29.59,30.41
2018-12-27,31.200001,33.799999,29.66,29.959999
2018-12-28,29.969999,31.049999,27.43,28.34
2018-12-31,27.59,27.639999,25.33,25.42
2019-01-02,27.540001,28.530001,23.049999,23.219999
2019-01-03,25.68,26.6,24.049999,25.450001
2019-01-04,24.360001,24.48,21.190001,21.379999
2019-01-07,22.059999,22.709999,20.91,21.4
2019-01-08,20.959999,22.030001,20.09,20.469999
2019-01-09,20.440001,22.799999,19.48,19.98
2019-01-10,20.98,21.32,19.290001,19.5
2019-01-11,19.68,20.16,18.120001,18.190001
2019-01-14,19.84,20.27,18.700001,19.07
2019-01-15,18.530001,19.200001,17.98,18.6
2019-01-16,18.08,19.040001,17.76,19.040001
2019-01-17,19.51,19.719999,17.85,18.059999
2019-01-18,17.799999,18.18,17.17,17.799999
2019-01-22,18.530001,21.15,18.200001,20.799999
2019-01-23,20.85,22.02,19.469999,19.52
2019-01-24,19.690001,20.25,18.629999,18.889999
2019-01-25,18.43,18.459999,17.309999,17.42
2019-01-28,18.559999,20.42,18.42,18.870001
2019-01-29,19.450001,19.93,18.42,19.129999
2019-01-30,19.15,19.309999,17.540001,17.66
2019-01-31,17.389999,17.719999,16.540001,16.57
2019-02-01,16.629999,16.83,16.08,16.139999
2019-02-04,16.719999,16.73,15.6,15.73
2019-02-05,15.79,15.94,15.04,15.57
2019-02-06,15.44,15.87,15.09,15.38
2019-02-07,15.66,17.889999,15.51,16.370001
2019-02-08,16.809999,17.629999,15.62,15.72
2019-02-11,16.17,16.5,15.34,15.97
2019-02-12,15.23,15.65,14.95,15.43
2019-02-13,15.46,15.91,15,15.65
2019-02-14,15.61,17.27,15.3,16.219999
2019-02-15,16.82,16.82,14.79,14.91
2019-02-19,15.65,16.16,14.64,14.88
2019-02-20,14.92,15.19,13.99,14.02
2019-02-21,14,15.17,13.85,14.46
2019-02-22,14.46,14.47,13.51,13.51
2019-02-25,13.91,14.9,13.44,14.85
2019-02-26,15.16,15.28,14.52,15.17
2019-02-27,15.53,16.17,14.7,14.7
2019-02-28,15.17,15.24,14.39,14.78
2019-03-01,14.57,14.84,13.41,13.57
2019-03-04,13.77,16.98,13.38,14.63
2019-03-05,14.52,15.39,14.26,14.74
2019-03-06,14.91,16.110001,14.74,15.74
2019-03-07,16.33,17.809999,15.54,16.59
2019-03-08,17.379999,18.33,16.02,16.049999
2019-03-11,16.280001,16.43,14.33,14.33
2019-03-12,13.97,14.7,13.61,13.77
2019-03-13,14,14.05,13.25,13.41
2019-03-14,13.35,13.84,13.16,13.5
2019-03-15,13.21,13.28,12.5,12.88
2019-03-18,13.13,13.8,13,13.1
2019-03-19,12.89,13.77,12.37,13.56
2019-03-20,13.54,14.3,13.05,13.91
2019-03-21,14.11,14.56,13.26,13.63
2019-03-22,13.77,17.52,13.62,16.48
2019-03-25,17.76,17.85,16.26,16.33
2019-03-26,16.219999,16.299999,14.67,14.68
2019-03-27,14.52,16.709999,14.51,15.15
2019-03-28,15.38,15.62,14.41,14.43
2019-03-29,14.19,14.43,13.64,13.71
2019-04-01,13.9,14.01,13.32,13.4
2019-04-02,13.62,13.68,13.13,13.36
2019-04-03,13.06,14.27,12.85,13.74
2019-04-04,13.84,14.03,13.4,13.58
2019-04-05,13.46,13.47,12.17,12.82
2019-04-08,13.55,13.77,13.1,13.18
2019-04-09,13.46,14.39,13.31,14.28
2019-04-10,14.09,14.29,13.27,13.3
2019-04-11,13.37,13.58,12.91,13.02
2019-04-12,12.96,12.96,11.95,12.01
2019-04-15,12.46,13.14,12.24,12.32
2019-04-16,12.26,12.47,11.85,12.18
2019-04-17,12.12,13.02,11.03,12.6
2019-04-18,12.8,13.12,12.02,12.09
2019-04-22,13.21,13.36,12.38,12.42
2019-04-23,12.66,12.69,12.08,12.28
2019-04-24,12.53,13.23,12.26,13.14
2019-04-25,13.29,14.3,12.81,13.25
2019-04-26,13.44,13.62,12.49,12.73
2019-04-29,13.04,13.27,12.65,13.11
2019-04-30,13.11,14.05,12.88,13.12
2019-05-01,12.86,14.83,12.74,14.8
2019-05-02,14.35,15.92,13.8,14.42
2019-05-03,14.11,14.15,12.8,12.87
2019-05-06,12.89,18.799999,12.89,15.44
2019-05-07,15.9,21.84,15.8,19.32
2019-05-08,18.950001,21.74,18.290001,19.4
2019-05-09,21.4,23.379999,18.870001,19.1
2019-05-10,18.790001,20.190001,15.57,16.040001
2019-05-13,18.620001,21.32,18.35,20.549999
2019-05-14,19.4,19.65,17.450001,18.059999
2019-05-15,17.57,19.15,16.41,16.440001
2019-05-16,16.690001,17.129999,15.16,15.29
2019-05-17,15.89,16.809999,14.86,15.96
2019-05-20,15.88,17.629999,15.46,16.309999
2019-05-21,15.86,16.219999,14.79,14.95
2019-05-22,15.06,15.44,14.42,14.75
2019-05-23,15.93,18.049999,15.28,16.92
2019-05-24,16.34,16.52,15.52,15.85
2019-05-28,16.549999,17.700001,15.9,17.5
2019-05-29,18.549999,19.040001,17.620001,17.9
2019-05-30,17.469999,18.110001,16.719999,17.299999
2019-05-31,19.049999,19.719999,18.01,18.709999
2019-06-03,19.41,19.75,18.16,18.860001
2019-06-04,18.74,18.74,16.969999,16.969999
2019-06-05,17.059999,17.49,16.040001,16.09
2019-06-06,16.25,16.540001,15.36,15.93
2019-06-07,15.65,16.440001,15.33,16.299999
2019-06-10,16.299999,16.469999,15.84,15.94
2019-06-11,15.84,16.700001,15.5,15.99
2019-06-12,16.26,16.43,15.78,15.91
2019-06-13,16.16,16.209999,15.61,15.82
2019-06-14,16,16.4,15.21,15.28
2019-06-17,15.65,15.76,15.24,15.35
2019-06-18,14.89,15.54,14.62,15.15
2019-06-19,15.05,15.71,14.15,14.33
2019-06-20,14.04,16.030001,13.19,14.75
2019-06-21,14.74,15.48,14.42,15.4
2019-06-24,15.46,15.56,15.23,15.26
2019-06-25,15.43,16.68,15.1,16.280001
2019-06-26,16.1,16.6,15.47,16.209999
2019-06-27,15.66,16.4,15.66,15.82
2019-06-28,15.7,16.129999,15.08,15.08
2019-07-01,13.85,14.64,13.8,14.06
2019-07-02,14.16,14.3,12.9,12.93
2019-07-03,13.18,13.19,12.56,12.57
2019-07-05,13,14.47,12.04,13.28
2019-07-08,13.73,14.44,13.64,13.96
2019-07-09,14.47,14.71,13.99,14.09
2019-07-10,14.38,14.69,12.98,13.03
2019-07-11,13.01,13.33,12.39,12.93
2019-07-12,12.76,12.82,12.28,12.39
2019-07-15,12.58,13.02,12.49,12.68
2019-07-16,12.61,13.14,12.28,12.86
2019-07-17,12.62,13.97,12.24,13.97
2019-07-18,14.45,14.5,13.19,13.53
2019-07-19,13.31,14.45,13.09,14.45
2019-07-22,14.55,14.7,13.42,13.53
2019-07-23,13.42,13.52,12.55,12.61
2019-07-24,12.8,13.1,11.98,12.07
2019-07-25,12.24,13.54,11.69,12.74
2019-07-26,12.58,12.72,12.01,12.16
2019-07-29,12.15,13.17,12.15,12.83
2019-07-30,12.87,14.18,12.87,13.94
2019-07-31,13.83,16.549999,13.46,16.120001
2019-08-01,15.41,19.459999,13.73,17.870001
2019-08-02,17.690001,20.110001,17.040001,17.610001
2019-08-05,19.959999,24.809999,19.91,24.59
2019-08-06,22.290001,22.870001,19.77,20.17
2019-08-07,20.700001,23.67,18.940001,19.49
2019-08-08,19.360001,19.889999,16.82,16.91
2019-08-09,18.139999,19.440001,17.309999,17.969999
2019-08-12,17.870001,21.26,17.77,21.09
2019-08-13,21.280001,21.639999,17.52,17.52
2019-08-14,17.809999,22.709999,17.75,22.1
2019-08-15,21.58,24.1,20.780001,21.18
2019-08-16,20.48,20.5,18.41,18.469999
2019-08-19,17.93,18.219999,16.52,16.879999
2019-08-20,16.780001,17.700001,16.450001,17.5
2019-08-21,17.01,17.040001,15.51,15.8
2019-08-22,16.120001,17.68,15.63,16.68
2019-08-23,16.15,21.07,16.040001,19.870001
2019-08-26,20.34,21.33,19.059999,19.32
2019-08-27,20.18,21.040001,18.49,20.309999
2019-08-28,20.549999,21.639999,19.1,19.35
2019-08-29,19.02,19.200001,17.6,17.879999
2019-08-30,17.940001,19.18,17.09,18.98
2019-09-03,20.959999,21.15,19.41,19.66
2019-09-04,18.23,18.83,17.26,17.33
2019-09-05,16.92,17.049999,15.45,16.27
2019-09-06,15.92,16.059999,14.91,15
2019-09-09,15.26,16.129999,14.95,15.27
2019-09-10,15.53,16.52,15.11,15.2
2019-09-11,15.33,15.52,14.55,14.61
2019-09-12,14.69,14.94,13.85,14.22
2019-09-13,14.16,14.31,13.51,13.74
2019-09-16,14.89,15.29,14.5,14.67
2019-09-17,14.92,15.03,14.4,14.44
2019-09-18,14.61,15.8,13.8,13.95
2019-09-19,14.66,14.66,13.31,14.05
2019-09-20,13.94,15.84,13.35,15.32
2019-09-23,15.35,16,14.71,14.91
2019-09-24,14.77,17.620001,14.33,17.049999
2019-09-25,17.049999,18.450001,15.69,15.96
2019-09-26,16.23,17.09,15.35,16.07
2019-09-27,15.77,18.690001,15.15,17.219999
2019-09-30,17.23,17.35,16.200001,16.24
2019-10-01,16.02,18.620001,15.79,18.559999
2019-10-02,18.75,21.459999,18.75,20.559999
2019-10-03,20.110001,21.440001,19.030001,19.120001
2019-10-04,19.42,19.969999,16.969999,17.040001
2019-10-07,18.27,18.52,16.440001,17.860001
2019-10-08,17.610001,20.379999,17.42,20.280001
2019-10-09,19.940001,20,17.77,18.639999
2019-10-10,19.280001,19.799999,17.559999,17.57
2019-10-11,17.35,17.440001,15.11,15.58
2019-10-14,15.66,16.5,14.51,14.57
2019-10-15,13.94,14.43,13.39,13.54
2019-10-16,13.94,14.26,13.6,13.68
2019-10-17,13.79,14.18,13.31,13.79
2019-10-18,14.2,15.16,13.78,14.25
2019-10-21,14.24,14.63,14,14
2019-10-22,13.99,14.61,13.7,14.46
2019-10-23,14.83,15.12,14.01,14.01
2019-10-24,13.98,14.34,13.4,13.71
2019-10-25,13.53,13.79,12.62,12.65
2019-10-28,13.01,13.14,12.66,13.11
2019-10-29,13.16,13.52,13.07,13.2
2019-10-30,13.08,13.37,12.27,12.33
2019-10-31,13.51,13.95,13.18,13.22
2019-11-01,12.5,12.6,12.26,12.3
2019-11-04,12.68,13.13,12.44,12.83
2019-11-05,12.85,13.28,12.25,13.1
2019-11-06,13.18,13.39,12.6,12.62
2019-11-07,12.59,12.89,12.26,12.73
2019-11-08,12.98,13.05,12,12.07
2019-11-11,13.15,13.49,12.66,12.69
2019-11-12,12.64,13.1,12.36,12.68
2019-11-13,12.91,13.9,12.88,13
2019-11-14,13.16,13.81,12.93,13.05
2019-11-15,12.95,12.97,11.92,12.05
2019-11-18,12.39,13.1,12.32,12.46
2019-11-19,12.33,13.01,12.16,12.86
2019-11-20,13.42,14.17,12.61,12.78
2019-11-21,13.35,13.86,12.49,13.13
2019-11-22,12.82,13.25,12.33,12.34
2019-11-25,12.51,12.59,11.73,11.87
2019-11-26,11.88,12.04,11.42,11.54
2019-11-27,11.55,11.79,11.44,11.75
2019-11-29,12.5,12.83,12.12,12.62
2019-12-02,12.69,15.27,12.55,14.91
2019-12-03,14.68,17.99,14.61,15.96
2019-12-04,16.379999,16.4,14.12,14.8
2019-12-05,14.46,15.37,14.17,14.52
2019-12-06,14.37,14.47,13.19,13.62
2019-12-09,14.25,16.07,12.25,15.86
2019-12-10,15.8,16.9,14.93,15.68
2019-12-11,15.57,15.97,14.98,14.99
2019-12-12,14.94,15.55,13.6,13.94
2019-12-13,13.18,14.35,12.54,12.63
2019-12-16,12.47,12.53,11.71,12.14
2019-12-17,12.23,12.47,11.9,12.29
2019-12-18,12.24,12.7,11.93,12.58
2019-12-19,12.55,12.78,12.43,12.5
2019-12-20,12.55,12.61,12.04,12.51
2019-12-23,12.81,12.9,12.41,12.61
2019-12-24,12.65,12.84,12.56,12.67
2019-12-26,12.74,12.75,11.72,12.65
2019-12-27,12.61,13.72,11.89,13.43
2019-12-30,13.74,15.14,13.44,14.82
2019-12-31,14.84,15.39,13.75,13.78
2020-01-02,13.46,13.72,12.42,12.47
2020-01-03,15.01,16.200001,13.13,14.02
2020-01-06,15.45,16.389999,13.54,13.85
2020-01-07,13.84,14.46,13.39,13.79
2020-01-08,15.16,15.24,12.83,13.45
2020-01-09,12.95,13.24,12.53,12.54
2020-01-10,12.42,12.87,12.09,12.56
2020-01-13,12.84,13.09,12.32,12.32
2020-01-14,12.72,13.82,12.05,12.39
2020-01-15,12.79,12.83,11.95,12.42
2020-01-16,12.2,12.42,11.78,12.32
2020-01-17,12.21,12.48,11.75,12.1
2020-01-21,13.23,13.33,12.32,12.85
2020-01-22,12.45,13.01,12.31,12.91
2020-01-23,13.26,14.15,12.94,12.98
2020-01-24,12.75,15.98,12.62,14.56
2020-01-27,17.42,19.02,16.82,18.23
2020-01-28,16.940001,18.030001,15.69,16.280001
2020-01-29,15.68,16.65,14.94,16.389999
2020-01-30,17.82,18.389999,15.3,15.49
2020-01-31,16.25,19.99,16.18,18.84
2020-02-03,18.639999,18.879999,17.1,17.969999
2020-02-04,16.450001,16.459999,15.63,16.049999
2020-02-05,16.290001,16.32,15.02,15.15
2020-02-06,15.13,15.66,14.7,14.96
2020-02-07,15.07,16.16,14.81,15.47
2020-02-10,15.88,16.43,15.01,15.04
2020-02-11,14.91,15.27,14.38,15.18
2020-02-12,14.86,14.88,13.73,13.74
2020-02-13,14.43,15.44,14,14.15
2020-02-14,14.12,14.54,13.38,13.68
2020-02-18,14.98,15.49,14.53,14.83
2020-02-19,14.66,14.74,14.21,14.38
2020-02-20,14.54,17.209999,14.49,15.56
2020-02-21,17.33,18.209999,16.190001,17.08
2020-02-24,22.25,26.35,22,25.030001
2020-02-25,23.280001,30.25,22.620001,27.85
2020-02-26,26.629999,29.57,24.76,27.559999
2020-02-27,32.139999,39.310001,29.370001,39.16
2020-02-28,42.02,49.48,39.369999,40.110001
2020-03-02,38.540001,40.41,31.5,33.419998
2020-03-03,33.650002,41.060001,24.93,36.82
2020-03-04,34.439999,35.580002,30.299999,31.99
2020-03-05,33.610001,42.84,33.540001,39.619999
2020-03-06,48.93,54.389999,40.84,41.939999
2020-03-09,41.939999,62.119999,41.939999,54.459999
2020-03-10,49.68,55.66,43.560001,47.299999
2020-03-11,52.240002,55.82,49.98,53.900002
2020-03-12,61.459999,76.830002,59.91,75.470001
2020-03-13,71.309998,77.57,55.169998,57.830002
2020-03-16,57.830002,83.559998,57.830002,82.690002
2020-03-17,82.690002,84.830002,70.370003,75.910004
2020-03-18,69.370003,85.470001,69.370003,76.449997
2020-03-19,80.620003,84.260002,68.57,72
2020-03-20,67.860001,69.510002,57.419998,66.040001
2020-03-23,74.080002,76.739998,60.459999,61.59
2020-03-24,58.759998,61.880001,36.240002,61.669998
2020-03-25,61.439999,68.860001,58.029999,63.950001
2020-03-26,65.669998,67.059998,57.66,61
2020-03-27,64.949997,69.099998,61.799999,65.540001
2020-03-30,66.300003,67.690002,56.599998,57.080002
2020-03-31,56.689999,58.75,50.880001,53.540001
2020-04-01,57.380001,60.59,52.759998,57.060001
2020-04-02,54.459999,57.240002,50.450001,50.91
2020-04-03,51.110001,52.290001,46.740002,46.799999
2020-04-06,44.169998,45.73,43.450001,45.240002
2020-04-07,44.830002,47.509998,43.509998,46.700001
2020-04-08,45.900002,47.279999,42.529999,43.349998
2020-04-09,43,45.73,41.389999,41.669998
2020-04-13,44.599998,45.040001,41.169998,41.169998
2020-04-14,40.240002,40.57,37.310001,37.759998
2020-04-15,42.57,43.23,40.049999,40.84
2020-04-16,41.919998,43.02,39.869999,40.110001
2020-04-17,39.5,40.259998,37.630001,38.150002
2020-04-20,40.68,43.830002,39.880001,43.830002
2020-04-21,44.279999,47.77,43.77,45.41
2020-04-22,44.91,45.07,41.41,41.98
2020-04-23,41.299999,42.470001,39.060001,41.380001
2020-04-24,38.799999,40.169998,35.599998,35.93
2020-04-27,36.290001,36.439999,32.509998,33.290001
2020-04-28,33.209999,35.389999,30.540001,33.57
2020-04-29,32.48,33.189999,30.709999,31.23
2020-04-30,30.99,35.939999,30.93,34.150002
2020-05-01,38.169998,39.57,36.59,37.189999
2020-05-04,39.130001,40.32,35.529999,35.970001
2020-05-05,34.82,36.220001,31.950001,33.610001
2020-05-06,32.689999,35.689999,31.68,34.119999
2020-05-07,32.119999,32.279999,30.370001,31.440001
2020-05-08,30.139999,30.389999,27.889999,27.98
2020-05-11,28.459999,31.459999,26.969999,27.57
2020-05-12,28.469999,33.040001,26,33.040001
2020-05-13,32.740002,37.419998,30.77,35.279999
2020-05-14,35.16,39.279999,32.330002,32.610001
2020-05-15,32.5,35.130001,31.040001,31.889999
2020-05-18,30.709999,31.08,28.35,29.299999
2020-05-19,28.73,30.74,28.370001,30.530001
2020-05-20,29.52,29.83,27.83,27.99
2020-05-21,28.969999,30.200001,27.67,29.530001
2020-05-22,31.360001,31.549999,28.030001,28.16
2020-05-26,27.719999,28.58,27.18,28.01
2020-05-27,27.620001,30.530001,25.92,27.620001
2020-05-28,27.82,29.889999,27.43,28.59
2020-05-29,29.299999,30.16,27.290001,27.51
2020-06-01,28.940001,30.6,28.110001,28.23
2020-06-02,28.4,28.52,26.66,26.84
2020-06-03,26.75,26.98,25.040001,25.66
2020-06-04,26.23,26.43,24.379999,25.809999
2020-06-05,24.790001,25.09,23.540001,24.52
2020-06-08,25.559999,25.98,24.65,25.809999
2020-06-09,25.93,27.700001,25.709999,27.57
2020-06-10,26.73,29.01,26.059999,27.57
2020-06-11,30.450001,42.580002,29.49,40.790001
2020-06-12,37.68,44.16,34.970001,36.09
2020-06-15,44.09,44.439999,34.279999,34.400002
2020-06-16,34.279999,37.450001,31.73,33.669998
2020-06-17,33.279999,35.169998,32.25,33.470001
2020-06-18,33.830002,36.25,32.240002,32.939999
2020-06-19,32.07,35.119999,30.4,35.119999
2020-06-22,35.220001,35.389999,31.639999,31.77
2020-06-23,31.709999,31.709999,29.26,31.370001
2020-06-24,31.049999,37.119999,30.950001,33.84
2020-06-25,36.59,36.93,31.59,32.220001
2020-06-26,33.009998,36.25,31.040001,34.73
2020-06-29,35.049999,36.310001,31.780001,31.780001
2020-06-30,32.540001,32.939999,29.559999,30.43
2020-07-01,30.959999,31.76,28.200001,28.620001
2020-07-02,28.33,28.440001,25.9,27.68
2020-07-06,27.76,28.33,24.92,27.940001
2020-07-07,28.77,29.629999,27.25,29.43
2020-07-08,28.950001,30.200001,27.24,28.08
2020-07-09,28.18,31.48,26.110001,29.26
2020-07-10,30.860001,30.91,27.129999,27.290001
2020-07-13,27.85,32.450001,26.870001,32.189999
2020-07-14,31.139999,33.669998,29.209999,29.52
2020-07-15,29.15,30.09,27.17,27.76
2020-07-16,28.41,29.290001,26.98,28
2020-07-17,27.15,27.540001,25.41,25.68
2020-07-20,26.940001,27.08,24.35,24.459999
2020-07-21,24.08,25.65,23.610001,24.84
2020-07-22,24.559999,26.26,24.129999,24.32
2020-07-23,23.969999,26.950001,23.6,26.08
2020-07-24,27.959999,28.58,25.530001,25.84
2020-07-27,26.6,26.940001,24.549999,24.74
2020-07-28,24.860001,25.85,24.049999,25.440001
2020-07-29,25.16,25.42,23.73,24.1
2020-07-30,25.040001,28.290001,24.639999,24.76
2020-07-31,24.790001,26.41,23.549999,24.459999
2020-08-03,25.75,26.01,22.17,24.280001
2020-08-04,24.01,24.76,22.92,23.76
2020-08-05,23.440001,23.610001,22.860001,22.99
2020-08-06,23.030001,24.110001,20.969999,22.65
2020-08-07,23.450001,24.02,22.02,22.209999
2020-08-10,22.879999,23.52,21.459999,22.129999
2020-08-11,21.85,24.93,20.280001,24.030001
2020-08-12,22.82,22.879999,21.540001,22.280001
2020-08-13,22.200001,22.92,21.450001,22.129999
2020-08-14,22.27,23.549999,21.790001,22.049999
2020-08-17,22.52,22.82,21.34,21.35
2020-08-18,21.690001,22.549999,21.18,21.51
2020-08-19,21.6,22.98,20.99,22.540001
2020-08-20,24.1,24.6,22.370001,22.719999
2020-08-21,22.58,24.469999,22.059999,22.540001
2020-08-24,22.870001,23.18,21.25,22.370001
2020-08-25,22.16,23.43,21.530001,22.030001
2020-08-26,22.139999,23.27,20.92,23.27
2020-08-27,23.42,27.09,21.440001,24.469999
2020-08-28,24.59,26.299999,22.639999,22.959999
2020-08-31,23.91,26.5,21.77,26.41
2020-09-01,25.860001,26.59,25.02,26.120001
2020-09-02,26.01,27.07,25.530001,26.57
2020-09-03,26.280001,35.939999,25.66,33.599998
2020-09-04,34.619999,38.279999,29.5,30.75
2020-09-08,30.610001,35.93,30.52,31.459999
2020-09-09,31.68,31.780001,28.120001,28.809999
2020-09-10,28.67,30.559999,27.59,29.709999
2020-09-11,28.629999,29.73,26.51,26.870001
2020-09-14,25.860001,26.790001,25.379999,25.85
2020-09-15,25.92,26,24.92,25.59
2020-09-16,25.309999,26.59,24.84,26.040001
2020-09-17,28.219999,28.92,26.26,26.459999
2020-09-18,26.65,28.1,25.280001,25.83
2020-09-21,28.040001,31.18,27.389999,27.780001
2020-09-22,28.610001,28.780001,26.48,26.860001
2020-09-23,27.02,29.73,25.190001,28.58
2020-09-24,29.540001,30.49,27.940001,28.51
2020-09-25,28.17,30.43,26.02,26.379999
2020-09-28,27.15,27.190001,24.9,26.190001
2020-09-29,26.809999,27.43,25.98,26.27
2020-09-30,26.690001,27.120001,25.059999,26.370001
2020-10-01,25.780001,27.110001,25.33,26.700001
2020-10-02,28.870001,29.9,26.93,27.629999
2020-10-05,29.52,29.690001,27.27,27.959999
2020-10-06,28.049999,30,26.01,29.48
2020-10-07,29.26,29.76,27.940001,28.059999
2020-10-08,27.65,27.99,24.879999,26.360001
2020-10-09,26.200001,26.219999,24.030001,25
2020-10-12,25.65,25.65,24.139999,25.07
2020-10-13,25.67,26.93,25.16,26.07
2020-10-14,25.719999,27.23,25.530001,26.4
2020-10-15,27.1,29.059999,26.82,26.969999
2020-10-16,27.16,27.459999,26.190001,27.41
2020-10-19,27.360001,29.690001,27.040001,29.18
2020-10-20,28.809999,29.6,28.290001,29.35
2020-10-21,29.120001,30.549999,28.370001,28.65
2020-10-22,30.1,30.120001,27.68,28.110001
2020-10-23,28.469999,28.67,27.26,27.549999
2020-10-26,29.379999,33.68,29.219999,32.459999
2020-10-27,32.040001,33.77,31.85,33.349998
2020-10-28,34.689999,40.77,34.68,40.279999
2020-10-29,38.799999,41.16,35.630001,37.59
2020-10-30,40.810001,41.09,36.5,38.02
2020-11-02,38.57,38.779999,36.130001,37.130001
2020-11-03,36.439999,36.439999,34.189999,35.549999
2020-11-04,36.790001,36.849998,28.030001,29.57
2020-11-05,27.559999,28.139999,26.040001,27.58
2020-11-06,27.870001,29.440001,24.559999,24.860001
2020-11-09,24.799999,25.82,22.41,25.75
2020-11-10,25.360001,26.77,24.35,24.799999
2020-11-11,25.01,25.120001,22.57,23.450001
2020-11-12,24.389999,27.27,23.530001,25.35
2020-11-13,24.940001,25.030001,22.74,23.1
2020-11-16,23.66,24.08,22.43,22.450001
2020-11-17,22.84,24.09,22.34,22.709999
2020-11-18,22.860001,23.92,21.66,23.84
2020-11-19,23.620001,24.52,22.559999,23.110001
2020-11-20,23.43,23.73,22.129999,23.700001
2020-11-23,23.66,23.959999,22.450001,22.66
2020-11-24,22.040001,22.48,20.799999,21.639999
2020-11-25,21.65,22.5,21.129999,21.25
2020-11-27,21.52,21.6,19.51,20.84
2020-11-30,22.639999,22.889999,20.48,20.57
2020-12-01,20.209999,20.92,20,20.77
2020-12-02,21,21.25,20.040001,21.17
2020-12-03,21.24,21.879999,20.719999,21.280001
2020-12-04,21.049999,21.15,19.969999,20.790001
2020-12-07,22.040001,22.620001,21.17,21.299999
2020-12-08,21.65,22.25,20.52,20.68
2020-12-09,20.66,22.93,20.1,22.27
2020-12-10,22.120001,23.459999,21.530001,22.52
2020-12-11,22.49,25.139999,22.48,23.309999
2020-12-14,22.67,24.82,21.950001,24.719999
2020-12-15,24,24.07,22.73,22.889999
2020-12-16,22.51,23.67,22.290001,22.5
2020-12-17,21.98,22.27,21.52,21.93
2020-12-18,22.15,23.77,21.57,21.57
2020-12-21,24.25,31.459999,24.23,25.16
2020-12-22,25.24,25.559999,23.530001,24.23
2020-12-23,23.49,23.68,22.129999,23.309999
2020-12-24,22.469999,22.83,21.389999,21.530001
2020-12-28,22.110001,22.120001,21.15,21.700001
2020-12-29,21.610001,23.719999,20.99,23.08
2020-12-30,22.58,23.15,22.41,22.77
2020-12-31,22.99,23.25,21.24,22.75
2021-01-04,23.040001,29.190001,22.559999,26.969999
2021-01-05,26.940001,28.6,24.799999,25.34
2021-01-06,25.48,26.77,22.139999,25.07
2021-01-07,23.67,23.91,22.25,22.370001
2021-01-08,22.43,23.34,21.42,21.559999
2021-01-11,23.309999,24.809999,23.23,24.08
2021-01-12,23.49,25.15,22.83,23.33
2021-01-13,23.07,24.18,21.92,22.209999
2021-01-14,22.219999,23.469999,21.66,23.25
2021-01-15,23.52,25.799999,23.08,24.34
2021-01-19,23.030001,23.559999,22.530001,23.24
2021-01-20,22.82,22.860001,21.370001,21.58
2021-01-21,21.34,22.219999,21.09,21.32
2021-01-22,22.24,23.73,21.27,21.91
2021-01-25,22.309999,26.629999,22.200001,23.190001
2021-01-26,23.91,23.940001,22.549999,23.02
2021-01-27,23.82,37.209999,23.709999,37.209999
2021-01-28,33.25,36.290001,27.389999,30.209999
2021-01-29,35.16,37.509998,29.24,33.09
2021-02-01,31.450001,33.959999,29.030001,30.24
2021-02-02,28.01,28.08,25.309999,25.559999
2021-02-03,24.59,25.43,22.91,22.91
2021-02-04,23.440001,23.440001,21.68,21.77
2021-02-05,21.99,22.16,20.860001,20.870001
2021-02-08,21.889999,22.07,21.23,21.24
2021-02-09,21.57,22.26,20.65,21.629999
2021-02-10,21.639999,23.85,19.690001,21.99
2021-02-11,22.09,23.25,21.110001,21.25
2021-02-12,21.6,22.450001,19.950001,19.969999
2021-02-16,21.129999,22.459999,20.879999,21.459999
2021-02-17,22.02,23.440001,21.09,21.5
2021-02-18,21.98,24.23,21.799999,22.49
2021-02-19,23.1,23.190001,20.84,22.049999
2021-02-22,24.459999,25.09,21.959999,23.450001
2021-02-23,22.82,27.01,22.5,23.110001
2021-02-24,23.76,25.040001,21.309999,21.34
2021-02-25,21.73,31.16,21.52,28.889999
2021-02-26,28.73,30.82,25.23,27.950001
2021-03-01,25.200001,25.389999,23.17,23.35
2021-03-02,23.58,24.6,22.799999,24.1
2021-03-03,22.799999,26.790001,22.450001,26.67
2021-03-04,26.52,31.9,24.93,28.57
2021-03-05,29.48,30.030001,24.33,24.66
2021-03-08,27.610001,28.389999,24.07,25.469999
2021-03-09,25.110001,25.25,22.9,24.030001
2021-03-10,23.76,23.870001,22.379999,22.559999
2021-03-11,22.5,22.5,21.450001,21.91
2021-03-12,22.57,22.99,20.629999,20.690001
2021-03-15,21.84,21.860001,19.870001,20.030001
2021-03-16,20.139999,20.309999,19.33,19.790001
2021-03-17,20.1,20.950001,19.18,19.23
2021-03-18,18.950001,22.6,18.950001,21.58
2021-03-19,21.43,23.17,19.9,20.950001
2021-03-22,21.91,22.290001,18.870001,18.879999
2021-03-23,19.459999,21.58,18.799999,20.299999
2021-03-24,20.639999,21.49,19.299999,21.200001
2021-03-25,20.799999,23.549999,19.809999,19.809999
2021-03-26,19.32,21.49,18.68,18.860001
2021-03-29,20.4,21.6,19.42,20.74
2021-03-30,20.76,21.75,19.469999,19.610001
2021-03-31,19.799999,20.110001,18.85,19.4
2021-04-01,18.6,18.639999,17.290001,17.33
2021-04-05,18.16,18.4,17.35,17.91
2021-04-06,18.07,18.299999,17.370001,18.120001
2021-04-07,17.99,18.17,16.870001,17.16
2021-04-08,16.92,17.360001,16.549999,16.950001
2021-04-09,17.049999,17.34,16.200001,16.690001
2021-04-12,17.43,17.91,16.809999,16.91
2021-04-13,16.99,17.860001,16.43,16.65
2021-04-14,16.709999,17.690001,15.38,16.99
2021-04-15,16.780001,16.92,15.94,16.57
2021-04-16,16.65,16.879999,16.049999,16.25
2021-04-19,17.040001,18.610001,16.780001,17.290001
2021-04-20,17.360001,19.700001,17.24,18.68
2021-04-21,18.48,19.290001,16.91,17.5
2021-04-22,17.280001,19.9,16.99,18.709999
2021-04-23,18.559999,18.780001,16.799999,17.33
2021-04-26,17.940001,18.17,16.870001,17.639999
2021-04-27,17.620001,18.16,16.969999,17.559999
2021-04-28,17.469999,17.84,16.67,17.280001
2021-04-29,16.879999,18.870001,16.77,17.610001
2021-04-30,17.67,19.25,17.639999,18.610001
2021-05-03,18.65,19.120001,17.799999,18.309999
